{
    "best_model": "Stacking Ensemble",
    "accuracy": 0.6574074074074074,
    "f1_score": 0.5194805194805195,
    "precision": 0.47619047619047616,
    "recall": 0.5714285714285714,
    "mcc": 0.2592728404099914,
    "roc_auc": 0.6563600782778864,
    "cv_results": {
        "Logistic Regression": {
            "accuracy": 0.6545787545787546,
            "f1": 0.6126201639666922,
            "roc_auc": 0.7213744420222153
        },
        "Random Forest": {
            "accuracy": 0.7087579087579087,
            "f1": 0.7148234770018933,
            "roc_auc": 0.7907176718917609
        },
        "XGBoost": {
            "accuracy": 0.7087246087246087,
            "f1": 0.7246570896610475,
            "roc_auc": 0.7875566628603066
        },
        "LightGBM": {
            "accuracy": 0.706060606060606,
            "f1": 0.7166247177376024,
            "roc_auc": 0.8032596283608429
        },
        "SVC": {
            "accuracy": 0.6751581751581751,
            "f1": 0.6431059246611609,
            "roc_auc": 0.730326308868819
        },
        "Voting Ensemble": {
            "accuracy": 0.7216117216117215,
            "f1": 0.7297554697554697,
            "roc_auc": 0.7992248866742794
        },
        "Stacking Ensemble": {
            "accuracy": 0.7318681318681319,
            "f1": 0.7348878944411762,
            "roc_auc": 0.8041350911796256
        }
    }
}